message_id,date_sent,subject,sender_name,sender_email
18b0a9cee5141772,2023-10-07T14:48:56+00:00,"Senior Data Engineer at Metrica Recruitment and 13 more jobs in London, England for you. Apply Now.",Glassdoor Jobs,noreply@glassdoor.com
18b0a9cb7f6740d5,2023-10-07T14:48:43+00:00,"Data Centre Engineer at CBRE and 16 more jobs in London, England for you. Apply Now.",Glassdoor Jobs,noreply@glassdoor.com
18b0a46dccadde45,2023-10-07T13:14:54+00:00,PlayStation Store | Find out what‚Äôs new this week,PlayStation,email@email.playstation.com
18b0a3ddc549743f,2023-10-07T13:00:46+00:00,"Substack Reads: Copyrighting a color, a chair affair, and the science of placebos",Substack Reads,read@substack.com
18b0a3a937d5922e,2023-10-07T13:01:31+00:00,Score FREE GIFTS with a new HERO12 Black üéÅ,GoPro,gopro@e-mail.gopro.com
18b0a13095f85435,2023-10-07T12:18:19+00:00,Get 25% Off This Limited Edition,Coravin,enews@coravin.com
18b0a1300684475f,2023-10-07T12:18:17+00:00,Get 25% Off This Limited Edition,Coravin,enews@coravin.com
18b0a096c73dddbb,2023-10-07T12:07:50+00:00,"Your daily Readwise: Jay Shetty, Blinkist, and more",Readwise,hello@readwise.io
18b09fb0f47a38f7,2023-10-07T11:17:56+00:00,How superbatteries are transforming electric vehicles,The Economist,noreply@e.economist.com
18b09f1c96946a28,2023-10-07T11:42:00+00:00,Save on what you crave,Uber Eats,uber@uber.com
18b09b2900b9077f,2023-10-07T10:32:58+00:00,Re: Ring availability - enquiry,Project Ratchet,hello@projectratchet.com
18b09af3554366d2,2023-10-07T10:29:17+00:00,"Samy, are you ready for some weekend inspiration?",Financial Times,stories-features@mail.ft.com
18b09614837f8d9d,2023-10-07T09:04:10+00:00,It's time to create your first Space! üöÄ,Blinkist,hello_at_mail_blinkist_com_b65by69kdd_6f8945da@privaterelay.appleid.com
18b093a7132d1461,2023-10-07T08:21:46+00:00,Just arrived on Prime Video,Prime Video,no-reply@primevideo.com
18b0926b3c864f5e,2023-10-07T08:00:08+00:00,The latest news from The Alford Arms,"""James, The Alford Arms""",alfordarms@redbeetle.co.uk
18b090df72c740a0,2023-10-07T07:33:11+00:00,The best things premiering in October,"""IMDb.com""",do-not-reply@imdb.com
18b09001171aed18,2023-10-07T07:17:50+00:00,Re: Ring availability - enquiry,Samy,samydoreau@gmail.com
18b08d6bd52d9ffa,2023-10-07T06:32:50+00:00,üìà Are you spending more? Check my comparison üìÉ How to get a free will üê∂ Get ¬£12 with pet insurance through Snoop,Snoop,team@service.snoop.app
18b08c327728ffa2,2023-10-07T06:11:28+00:00,Can we finally reverse balding?,Apple News,newsdigest@insideapple.apple.com
18b08b4567aca9fa,2023-10-07T05:55:17+00:00,Confirmation de ton accord,Decathlon France,no-reply@applicants-digitalrecruiters.com
18b082980675d603,2023-10-07T03:23:37+00:00,We‚Äôre updating our Terms of Service,Skillshare,hello@skillshare.com
18b07d1cfe8934cf,2023-10-07T01:47:51+00:00,Don't forget to sign up for your next challenge,"""Let's Do This""",hello@info.letsdothis.com
18b07a9ab42a8ca5,2023-10-07T01:04:00+00:00,Argentines shun religion in search of spirituality,"""Flipboard Photo Desk + AP""",editorialstaff@flipboard.com
18b0738571be9f97,2023-10-06T23:00:14+00:00,Competition Launch: UBC Ovarian Cancer Subtype Classification and Outlier Detection (UBC-OCEAN),Kaggle,noreply@kaggle.com
18b070c545822142,2023-10-06T22:12:10+00:00,Nouvelles opportunit√©s chez Decathlon France,Decathlon France,no-reply@applicants-digitalrecruiters.com
18b070178814aacc,2023-10-06T21:58:54+00:00,Behind the Rust Hype: What Every Data Engineer Needs to Know,"""SeattleDataGuy and Daniel Beach from SeattleDataGuy‚Äôs Newsletter""",seattledataguy@substack.com
18b069bbabcfc7ad,2023-10-06T20:08:59+00:00,Re: Ring availability - enquiry,Project Ratchet,hello@projectratchet.com
18b0640e94ff0aa8,2023-10-06T18:29:58+00:00,Get generative AI guidance every business needs,Amazon Web Services,aws-marketing-email-replies@amazon.com
18b06330fa182cdd,2023-10-06T18:14:50+00:00,Updates for UK Coinbase users from 8 October,Coinbase,info@mail.coinbase.com
18b061aa26bbee88,2023-10-06T17:48:10+00:00,New! Flights at your fingertips with Uber,Uber,uber@uber.com
18b061552bb8452d,2023-10-06T17:42:22+00:00,Race Director Website: Please Confirm Subscription,Race Director,support@racedirector.co.uk
18b060ff1ef4ecf1,2023-10-06T17:36:24+00:00,Blinkist Weekender: Why change feels impossible,Blinkist,hello_at_mail_blinkist_com_b65by69kdd_6f8945da@privaterelay.appleid.com
18b0603c6e941c4e,2023-10-06T17:23:11+00:00,Your order's in the kitchen üéâ,Deliveroo,noreply@t.deliveroo.com
18b05fc1b87a6f3c,2023-10-06T17:09:32+00:00,Book Now for NYC's Best Halloween Party!,The McKittrick Concierge,frontdesk@mckittrickhotel.com
18b05f5b84968e27,2023-10-06T17:07:51+00:00,‚è∞ 2 days left to pick recipes for your 11 October box,Gousto,gousto@info.gousto.co.uk
18b05efe01a276ef,2023-10-06T17:01:25+00:00,Quality news review: economist.com and more,Readwise,hello@readwise.io
18b05eb2937bd8f7,2023-10-06T16:56:12+00:00,Ratchet Ring V2 is HERE! üí•,August - Project Ratchet,hello@projectratchet.com
18b05ea0570acb92,2023-10-06T16:55:03+00:00,Updates for UK Coinbase users from 8 October,Coinbase,info@mail.coinbase.com
18b05c621094ceb9,2023-10-06T16:15:51+00:00,‚ÄúS. Doreau‚Äù mentioned by ‚ÄúPedro Geraldo Gonz√°lez Pech‚Äù,"""Mentioned by Pedro Geraldo Gonz√°lez Pech""",premium@academia-mail.com
18b05c5ff805cdea,2023-10-06T16:15:43+00:00,What can your Strava stats tell you?,Strava,mail@update.strava.com
18b05beac917ba1f,2023-10-06T16:07:43+00:00,Thank you for your interest in attending the Data Cloud World Tour in London,Snowflake,info@reply.snowflake.com
18b05bb1ca1ef0ca,2023-10-06T16:03:49+00:00,The 5 principles of sleep will get you in the right mindset for better zzzs üò¥,"""Manta Sleep (EU)""",support@mantasleep.com
18b05b8a7dd814ad,2023-10-06T16:01:06+00:00,"A FedEx 757 safely conducts a gear up landing, but goes off the runway",Flightradar24,newsletter@fr24.com
18b05b5919cb5853,2023-10-06T15:57:46+00:00,"NEW in Hive: Download Hive Form submissions, improvements to Gantt and Table Views & more!",Kate Miles,hq@hive.com
18b059d6e022d7b7,2023-10-06T15:31:23+00:00,"Senior Data Engineer at Method Resourcing and 15 more jobs in London, England for you. Apply Now.",Glassdoor Jobs,noreply@glassdoor.com
18b059c85d51d59e,2023-10-06T15:30:23+00:00,"Senior Data Engineer at Bright Network and 16 more jobs in London, England for you. Apply Now.",Glassdoor Jobs,noreply@glassdoor.com
18b059c4c52e41c9,2023-10-06T15:30:06+00:00,"Fresh flavours, just for you!üôåüèº",GoGetters,noreply@gogetters.co.uk
18b0586551bab7e9,2023-10-06T15:06:11+00:00,Delivered: Your Amazon.co.uk order #026-2622947-4081146,"""Amazon.co.uk""",order-update@amazon.co.uk
18b0582b224dccdf,2023-10-06T15:02:11+00:00,üòÇ Create funny memes about your coworkers,The Intelligent Worker,theintelligentworker@mail.beehiiv.com
18b0579a41e1cff0,2023-10-06T14:52:19+00:00,"üåç Samy, your September update",Google Maps Timeline,noreply-maps-timeline@google.com
18b0562377aab53a,2023-10-06T14:26:42+00:00,Early booking discount: Discover the hidden gems of the Canary Islands.,SIXT,info@e.sixt.co.uk
18b0550f996aadfb,2023-10-06T14:07:54+00:00,Flu season is here! Is your immune system ready?,The Organifi Team,support@organifi.com
18b054cfd6bf1e51,2023-10-06T14:02:38+00:00,Launch your website in just a few seconds,DigitalOcean,team@info.digitalocean.com
18b054b3391c6fbd,2023-10-06T14:01:33+00:00,Thank you for booking with us,,info@privategpservices.co.uk
18b054b058f87749,2023-10-06T14:01:22+00:00,Why do we need design? üí°,Oakywood,contact@oakywood.shop
18b0531db1b67860,2023-10-06T13:33:53+00:00,How often do you think about the Roman Empire?,Imprint,hello_at_mail_imprintapp_com_5xs6chrwyn_3ba4cb10@privaterelay.appleid.com
18b052b89af54f4f,2023-10-06T13:22:02+00:00,First 2024 U.S. Tour Dates On Sale Now,Foo Fighters,FFHQ@foofighters.com
18b050b148e0ca4f,2023-10-06T12:51:32+00:00,Get  ¬£10 off your first 5 orders,Uber Eats,uber@uber.com
18b0509e29edc82e,2023-10-06T12:50:13+00:00,meirowz mentioned you in FrodoBots,Discord,notifications@discord.com
18b04f03ff5ff5b0,2023-10-06T12:22:15+00:00,The Week's top Headlines Friday October 6,The Register,update-948635-2551e525@news.theregister.co.uk
18b04e3c6aa16085,2023-10-06T12:08:36+00:00,Your daily Readwise: Blinkist and more,Readwise,hello@readwise.io
18b04c262607ea6b,2023-10-06T11:32:08+00:00,It‚Äôs profile polishing time,Upwork,upwork@email.upwork.com
18b04b43ae3c8836,2023-10-06T11:16:40+00:00,You bought Deftones - Around The Fur!,jeremy Yanzi,noreply@customers.gumroad.com
18b049a46a34d077,2023-10-06T10:48:20+00:00,Inside the Box: September Product Update,CodeSandbox,hello@codesandbox.io
18b04998d227d30b,2023-10-06T10:47:33+00:00,"OpenAI explores AI chips ü§ñ, Apple discussed ditching Google üîç, how computers tell time ‚è∞",TLDR,dan@tldrnewsletter.com
18b049838cf24915,2023-10-06T10:37:02+00:00,√âdition 287 -  25 articles pour les Fran√ßais de l'√©tranger,"""lesfrancais.press""",info@lesfrancais.press
18b0479d7943b649,2023-10-06T10:12:55+00:00,Your October event guide to Europe üìÖ,Tripadvisor,inspiration@mp1.tripadvisor.com
18b04698118fc30f,2023-10-06T09:55:04+00:00,"Arriving today: iPhone Tripod, EVERESTA...","""Amazon.co.uk""",shipment-tracking@amazon.co.uk
18b0467e1a5bbc3e,2023-10-06T09:47:21+00:00,Webinar: How a data-first approach transforms delivery,The Register,marketing@theregister.co.uk
18b04507fba8487c,2023-10-06T09:27:35+00:00,Dine out for less this week!,OpenTable,OpenTable_at_mgs_opentable_com_ndc6jmy2yp_e632efad@privaterelay.appleid.com
18b044d165bfa747,2023-10-06T09:24:00+00:00,‚ÄòTis the season to book your winter escape ‚ùÑÔ∏è,"""Booking.com""",email.campaign@sg.booking.com
18b041400d01c2be,2023-10-06T08:21:41+00:00,Your Kindle Unlimited membership: read something new,"""Amazon.co.uk""",amazon-offers@amazon.co.uk
18b041314d462685,2023-10-06T08:20:40+00:00,"Samy, Your Amazon Freevee recommendations",Prime Video,no-reply@primevideo.com
18b040cd0900d418,2023-10-06T08:13:45+00:00,Save 15% on holiday gifts,Sonos,no-reply@email.sonos.com
18b03f1d27e52481,2023-10-06T07:44:19+00:00,Lost Property,"""St Peter's School""",SC9192096a@schoolcomms.com
18b03e98964577dd,2023-10-06T07:35:13+00:00,"Hi Samy, don't miss: The Gaslight Anthem, Far From Saints, Enter Shikari",AEG Presents,noreply@e-comms.aegpresents.co.uk
18b03e4ecea31d9a,2023-10-06T07:30:13+00:00,The Meditations Newsletter #049,Alex from Sunsama,alex@sunsama.com
18b03e4ea7561194,2023-10-06T07:30:13+00:00,The Meditations Newsletter #049,Alex from Sunsama,alex@sunsama.com
18b03e27ae7724c0,2023-10-06T07:27:35+00:00,Our Birthday Collection is online ‚ú®,Octobre,bonjour@news.octobre-editions.com
18b03df444041cfd,2023-10-06T07:24:03+00:00,Re: William recovery,Rabbits,rabbits@stpeters.herts.sch.uk
18b03ca14ad85269,2023-10-06T07:00:55+00:00,FitTrack Nation: October Walking Challenge,FitTrack UK,support@m.fittrack.com
18b03afbd304d86f,2023-10-06T06:31:35+00:00,Are you afraid of monsters? üéÉ,Hack The Box,crew@hackthebox.com
18b03a8cc12a064a,2023-10-06T06:24:35+00:00,Avoid expensive overdrafts,Clearscore,marketing@clearscore.com
18b039e841d3f092,2023-10-06T06:13:20+00:00,Are free markets history?,The Economist,noreply@e.economist.com
18b037c0877df4be,2023-10-06T05:35:42+00:00,Cat accused of wiping US Veteran Affairs server info after jumping on keyboard [Fri Oct 6 2023],The Register,update-948635-2551e525@news.theregister.co.uk
18b036fcaefe3b6f,2023-10-06T05:22:19+00:00,October Highlights: Save on Cyber Courses & Explore Green Architecture!,Stanford University,no-reply@m.mail.coursera.org
18b0315bc85c8d1e,2023-10-06T03:43:58+00:00,Give these 5 a follow!,Tumblr,no-reply_at_tumblr_com_6swbthzyfc_d388518f@privaterelay.appleid.com
18b02c521ca41b1f,2023-10-06T02:15:19+00:00,It's here: the most powerful Surface ever,Microsoft,Microsoft@engage.microsoft.com
18b029b4d3389635,2023-10-06T01:30:08+00:00,"Karim S. sent you a message 3 days ago: ""Hi Samy, It‚Äôs Karim here, I hope this message fin..."". Reply?",LinkedIn,messages-noreply@linkedin.com
18b025d5c0ab1e0d,2023-10-06T00:22:34+00:00,"Your Amazon.co.uk order of ""iPhone Tripod, EVERESTA..."" has been dispatched","""Amazon.co.uk""",shipment-tracking@amazon.co.uk
18b0205b8c335f21,2023-10-05T22:46:48+00:00,Take a deep breath‚Ä¶,Oura,no-reply@m.ouraring.com
18b01e56654e799f,2023-10-05T22:11:32+00:00,Competition Launch: Linking Writing Processes to Writing Quality,Kaggle,noreply@kaggle.com
18b01c676d2d6532,2023-10-05T21:37:45+00:00,üå≤Camp in style! Hire a car for your adventure üöó,Uber,uber@uber.com
18b01c3c8b91e03f,2023-10-05T21:34:49+00:00,The Shipment is Imminent,EVERGOODS,info@evergoods.us
18b01c2ab8d9d744,2023-10-05T21:33:34+00:00,Hybrid events are here üíª üìç,Meetup,info@email.meetup.com
18b019f85c5c12a9,2023-10-05T20:55:13+00:00,We're making some changes to our PayPal legal agreements,PayPal Communications,no_reply@communications.paypal.com
18b01853374ca287,2023-10-05T20:26:26+00:00,Updates to our Terms of Service and Privacy Policy,Shop,terms-update@shop.app
18b015d74d8a7cfe,2023-10-05T19:43:03+00:00,Ubisoft username update,Ubisoft Account Support,no-reply.account@ubisoft.com
18b015d6484937db,2023-10-05T19:42:59+00:00,Your account information has been changed,Ubisoft Account Support,no-reply.account@ubisoft.com
18b015d6347aac6a,2023-10-05T19:42:58+00:00,Welcome to Ubisoft,Ubisoft Account Support,no-reply.account@ubisoft.com
18b015ce3556c6cf,2023-10-05T19:42:26+00:00,Ubisoft Account Security Code: 378067,Ubisoft Account Support,no-reply.account@ubisoft.com
18b014c0cea50e56,2023-10-05T19:24:03+00:00,"AI's New Power Couple, Movie Industry Limits AI, YouTube Goes Generative, More Web Data = More Bias","""The Batch @ DeepLearning.AI""",thebatch@deeplearning.ai
18b0137a23f0e010,2023-10-05T19:01:44+00:00,Your monthly stats recap has arrived,Strava,mail@update.strava.com
18b01337ce96c1c5,2023-10-05T18:57:13+00:00,"Your Amazon.co.uk order of ""iPhone Tripod, EVERESTA...""","""Amazon.co.uk""",auto-confirm@amazon.co.uk
18b012c57b94fa50,2023-10-05T15:46:00+00:00,"Samy, see who else is applying for Principal Data Engineer",LinkedIn,linkedin@e.linkedin.com
18b012c56735b07e,2023-10-05T18:49:24+00:00,üåá Level up your illustration skills in this workshop with DKNG Studios ($199 early bird ends soon!!),Dribbble Workshops,no-reply@n.dribbble.com
18b011340b2baf58,2023-10-05T18:22:00+00:00,"Dance Fever - The Singles: Vinyl 7"" Box Set",Florence and the Machine,no_reply@uk-umg.com
18b00d3694144a2e,2023-10-05T17:12:15+00:00,Undoubtedly the best jazz pianist in Britain of all the judges on MasterChef,Bush Hall,notes@bushhallmusic.co.uk
18b009670bb50923,2023-10-05T16:05:19+00:00,Re: William recovery,Gaelle Moss,gaellemoss@gmail.com
18b0094132f7ac13,2023-10-05T15:02:54+00:00,[LAST CHANCE] Save 10% on SILK Mask,"""Manta Sleep (EU)""",support@mantasleep.com
18b009251997dbe0,2023-10-05T16:01:09+00:00,[Presale] Gradient : Everyday Performance Glove // MISSION WORKSHOP,Mission Workshop,newsletter@missionworkshop.com
18b0072cead1e01e,2023-10-05T15:26:43+00:00,Invoice 4189908341481,Hack The Box Ltd,notifications@quaderno.io
18b006a9d8669726,2023-10-05T15:17:47+00:00,Receipt for your payment to Hack The Box Ltd,"""service@paypal.co.uk""",service@paypal.co.uk
18b00633f9507d4d,2023-10-05T15:09:45+00:00,One week to go until Hiroshi Sugimoto,Hayward Gallery,noreply@southbankcentre.co.uk
18b00612d5f79976,2023-10-05T15:07:29+00:00,"Data Engineer at Noir and 14 more jobs in London, England for you. Apply Now.",Glassdoor Jobs,noreply@glassdoor.com
18b0060fcb6c5e0d,2023-10-05T15:07:15+00:00,"Senior Data Engineer at Metrica Recruitment and 16 more jobs in London, England for you. Apply Now.",Glassdoor Jobs,noreply@glassdoor.com
18b004caa89fdc2a,2023-10-05T14:45:00+00:00,This is why Artemis is heading back to the moon.,National Geographic via LinkedIn,newsletters-noreply@linkedin.com
18b001322b6cebb1,2023-10-05T13:42:11+00:00,Community-Led üí¨ What's on the Minds of Early Adopters #21,"""\"" Stacey Wueste's üí¨  What's on the Minds of Early Adopters\""""",staceywueste@substack.com
18affee9833f61f3,2023-10-05T13:02:11+00:00,Get 3 free* months of Apple Music,Sonos,no-reply@email.sonos.com
18affbce137cb5d6,2023-10-05T12:08:01+00:00,"Your daily Readwise: Blinkist, Michael S. Sorensen, and more",Readwise,hello@readwise.io
18affa27f3e48d7c,2023-10-05T11:39:06+00:00,Reset password instructions,,noreply@noreply.thinkific.com
18affa27b7b51bd7,2023-10-05T11:39:08+00:00,Reset password instructions,,noreply@noreply.thinkific.com
18aff9c04fde6616,2023-10-05T11:32:03+00:00,Our NEW √† la carte menu has arrived,"""C√¥te Brasserie""",bonjour@e.cote.co.uk
18aff9201a5c078a,2023-10-05T11:14:32+00:00,"Samy, give us a test drive!",PensionBee,marketing@email.pensionbee.com
18aff6a6f02b416b,2023-10-05T10:37:59+00:00,"Apple NameDrop ‚åö, OpenAI's residency program ü§ñ, how Pixel upgraded cameras üì±",TLDR,dan@tldrnewsletter.com
18aff5e6d6972a84,2023-10-05T10:24:52+00:00,"Heptabase Update: Image Elements, New Mobile Home, Better Export, and more!",Heptabase Team,team@heptabase.com
18aff1fc3a9c4264,2023-10-05T09:16:26+00:00,Seville makes a great autumn getaway,Tripadvisor,inspiration@mp1.tripadvisor.com
18aff13959e556ff,2023-10-05T09:03:06+00:00,"New Series: Zen and the Art of Living, by Robert Waldinger",Waking Up,team_at_news_wakingup_com_ycgwc67v5t_4751959f@privaterelay.appleid.com
18aff10bf1354c96,2023-10-05T09:00:01+00:00,Your invitation has been accepted. Message them now.,Iaroslav Krupei via LinkedIn,invitations@linkedin.com
18aff0b42d777673,2023-10-05T08:54:00+00:00,‚ÄòTis the season to book your winter escape ‚ùÑÔ∏è,"""Booking.com""",email.campaign@sg.booking.com
18afef83e52055d7,2023-10-05T08:33:16+00:00,Re: William Subscription Renewal,Samy,samydoreau@gmail.com
18afef7478c669d0,2023-10-05T08:32:12+00:00,Mini Athletics Booking Confirmation,,noreply@miniathletics.com
18afef6bc5ab14d9,2023-10-05T08:31:36+00:00,Pay faster next time at Mini Athletics St Albans/Hatfield using Link,Link,notifications@link.com
18afef147f3f74ae,2023-10-05T08:25:27+00:00,Re: William Subscription Renewal,David Mongey,dmongey@miniathletics.com
18afebd26fcdf78e,2023-10-05T07:28:40+00:00,"Hurry, your FREE coffee offer ends soon!",Nespresso,nespresso@uk.nespresso.com
18afe8a07238bc00,2023-10-05T06:32:51+00:00,Thank You For Your Purchase,PlayStation,reply@txn-email.playstation.com
18afe5248da9e896,2023-10-05T05:31:59+00:00,Ex-Microsoft maverick takes us on a trip through vintage Task Manager code [Thu Oct 5 2023],The Register,update-948635-2551e525@news.theregister.co.uk
18afda49250459c7,2023-10-04T18:43:34+00:00,"Samy, reactivate your Premium trial for your job search",Diane from LinkedIn Premium,linkedin@e.linkedin.com
18afd77d022a59ea,2023-10-05T01:33:22+00:00,Just for you: Hubbard's Butchers & Fine Food and bound üõçÔ∏è,Shop,noreply@shop.app
18afcd111452e534,2023-10-04T22:30:15+00:00,"Yader Carrillo sent you a message 3 days ago: ""Hey Samy, It's nice to e-meet you. I came across ..."". Reply?",LinkedIn,messages-noreply@linkedin.com
18afc966346bb6b4,2023-10-04T21:27:02+00:00,The Elements of a Healthy Team Culture,Harvard Business Review via LinkedIn,newsletters-noreply@linkedin.com
18afc8f7b70c1dc7,2023-10-04T21:19:32+00:00,Your Weekly Stack,Substack Reads,read@substack.com
18afc758d3ee03db,2023-10-04T20:51:15+00:00,Introducing the Detail panel,Stashpad,hello@stashpad.com
18afc69f98824d0d,2023-10-04T19:40:14+00:00,Reading & Leeds Festival„ÉªWithin Temptation„ÉªTenacious D & more,Live Nation Weekly,email@info.livenation.co.uk
18afc29d016f42f4,2023-10-04T19:28:23+00:00,Re: Connection a Google Classrooms,Samy,samydoreau@gmail.com
18afc29942b6e4cc,2023-10-04T19:26:41+00:00,"""It's become my legs."" ‚ù§Ô∏è","""Craft&Ride¬Æ""",info@craftandride.com
18afc296eb6cce9b,2023-10-04T19:26:49+00:00,"""It's become my legs."" ‚ù§Ô∏è","""Craft&Ride¬Æ""",info@craftandride.com
18afc22c59f6b859,2023-10-04T19:20:41+00:00,William Subscription Renewal,Samy,samydoreau@gmail.com
18afc1d13c43be02,2023-10-04T19:09:31+00:00,To read with William,Samy,samydoreau@gmail.com
18afc1d0b9dab3e5,2023-10-04T19:08:07+00:00,06 - Devoirs - Les moments de la journee.pdf,Samy,samydoreau@gmail.com
18afc1d054c1cad7,2023-10-04T19:11:28+00:00,Fiche de travail William,Samy,samydoreau@gmail.com
18afc1cf1bbfe6f5,2023-10-04T19:14:26+00:00,To read with William,Samy,samydoreau@gmail.com
18afc13cce8c3874,2023-10-04T19:04:13+00:00,Seasons Eatings (and drinkings),Topgolf,topgolf@email.topgolf.com
18afc0e0a35bfe16,2023-10-04T18:58:12+00:00,Due tomorrow: 'Compte rendu du cours du 30/09/23 et devoirs pour le 07/10/23',"""Marie-Jo Da Costa (Classroom)""",no-reply@classroom.google.com
18afbf567218ccff,2023-10-04T18:08:22+00:00,üöÄ NEW: Podcast Summaries ...in Audio!,Kevin from Snipd,kevin_at_snipd_com_zfxd88mn9j_41a711f1@privaterelay.appleid.com
18afbcc81490a6e4,2023-10-04T17:46:37+00:00,The Alpha and the Omega,Prometheus Lights,info@darksucks.com
18afbc1bb7854146,2023-10-04T17:34:52+00:00,UPCOMING WEBINAR: Maximize your Marketing with University Workflows Consultant,Kate Miles,hq@hive.com
18afbc10a7921223,2023-10-04T17:34:05+00:00,Best way to fast for weight loss? üëÄ,Zero,no-reply@marketing.zerolongevity.com
18afbbdf785fc5eb,2023-10-04T17:30:42+00:00,üçÑ Mushrooms Are In - Explore the DIRTEA lifestyle,DIRTEA,hello@dirteaworld.com
18afba2be434f0f4,2023-10-04T17:00:57+00:00,"Samy, important information for you","""Elephant.co.uk""",info@services.elephant.co.uk
18afb7e5bacfa273,2023-10-04T16:21:15+00:00,üéµ‚úèÔ∏èUnraveling the Power of Creative Duos: From Music to Design,Dribbble,no-reply@n.dribbble.com
18afb6fa38fc8d95,2023-10-04T16:01:02+00:00,üçΩÔ∏è Discover our Ski Lodge restaurant,Village Montana,commercial@village-montana.com
18afb6f8a6a4e3f7,2023-10-04T16:05:03+00:00,A reminder to review gousto.co.uk,Gousto,noreply.invitations@trustpilotmail.com
18afb6d68d710781,2023-10-04T16:01:49+00:00,Ratchet Ring Restock Notification üì¶,August - Project Ratchet,hello@projectratchet.com
18afb6cdc56c923f,2023-10-04T16:01:21+00:00,Ratchet Ring V2 is LIVE! ü•≥,August - Project Ratchet,hello@projectratchet.com
18afb6c7dc9c9efa,2023-10-04T16:01:43+00:00,Order #1170 confirmed,Project Ratchet,hello@projectratchet.com
18afb55ee133fc13,2023-10-04T15:37:05+00:00,"Data Engineer - London at Hexegic and 16 more jobs in London, England for you. Apply Now.",Glassdoor Jobs,noreply@glassdoor.com
18afb541ceaa04e4,2023-10-04T15:35:07+00:00,"Senior Software & Data Engineer at Understanding Recruitment and 16 more jobs in London, England for you. Apply Now.",Glassdoor Jobs,noreply@glassdoor.com
18afb370b2042c37,2023-10-04T15:03:20+00:00,üìä Excel efficiency tricks with ChatGPT Vision,The Intelligent Worker,theintelligentworker@mail.beehiiv.com
18afb1880af18b7a,2023-10-04T14:30:00+00:00,Billing reminder for Pumpkin and Squash Festival,TicketSource,customer.services@ticketsource.co.uk
18afb141eacab9a9,2023-10-04T14:25:12+00:00,Your guide to autumn...,The Grove,news@thegrove.co.uk
18afb0251870e073,2023-10-04T14:05:45+00:00,Build your own bundle and SAVE 10%!,The Organifi Team,support@organifi.com
18afade1b6f11f1a,2023-10-04T13:26:11+00:00,PSA International Food Festival,"""St Peter's School""",SC9192096a@schoolcomms.com
18afad967990071a,2023-10-04T13:21:06+00:00,"50% Off, 2 days only - ‚ÄúS. Doreau‚Äù mentioned by ‚ÄúJanos CSAPO‚Äù",Mentioned by Janos CSAPO,premium@academia-mail.com
18afaad0f12e2ad3,2023-10-04T12:32:40+00:00,20% off discount code for you üéüÔ∏è¬†,"""Jakki Jakaj (dbt Labs)""",jakki.jakaj@dbtlabs.com
18afaac51aab104e,2023-10-04T12:31:46+00:00,20% off discount code for you üéüÔ∏è¬†,"""Jakki Jakaj (dbt Labs)""",jakki.jakaj@dbtlabs.com
18afa9f8a44deea7,2023-10-04T12:17:54+00:00,"Reminder: Google User, here is your credential for dbt Fundamentals",dbt Labs,training@dbtlabs.com
18afa9e0de95e180,2023-10-04T12:16:16+00:00,This year‚Äôs winning restaurants chosen by you,Tripadvisor,awards@mp1.tripadvisor.com
18afa978adc0fc2b,2023-10-04T12:09:07+00:00,Your daily Readwise: Blinkist and more,Readwise,hello@readwise.io
18afa9538b92f6ae,2023-10-04T12:00:31+00:00,üí• 20% off non-sale,Dephect,shop@dephect.com
18afa771cbfadd59,2023-10-04T11:33:44+00:00,"Bug Bytes #213 - Hacking a Prison, XSS on steroids, CAIDO free for students and Bogus CVEs",intigriti,support@intigriti.com
18afa757d21ae85f,2023-10-04T11:31:56+00:00,Ready to make moves?,Upwork,upwork@email.upwork.com
18afa74ad00909ec,2023-10-04T11:31:05+00:00,Introducing our brand new Sunday menu,"""C√¥te Brasserie""",bonjour@e.cote.co.uk
18afa70378f40990,2023-10-04T11:26:10+00:00,Welcome to Upwork,Upwork,upwork@email.upwork.com
18afa64ed1377022,2023-10-04T10:36:43+00:00,"Samy, redeem these three (3) unlocked courses - offer expires in 7 days",LinkedIn Learning,linkedin@e.linkedin.com
18afa451cb534246,2023-10-04T10:39:07+00:00,"Amazon's secret price algo üìà, SpaceX's laser-enabled satellites üõ∞Ô∏è, safe Postgres migrations üë®‚Äçüíª",TLDR,dan@tldrnewsletter.com
18afa44a188e35fb,2023-10-04T10:38:35+00:00,Wellbeing Wednesday üå±,"""healf.""",team@healf.com
18afa2b117996e45,2023-10-04T10:10:40+00:00,Your application has been withdrawn - BCG X,Oscar Elliston,oscar.elliston@bcgdv.com
18afa27c8bd2bfd2,2023-10-04T09:48:50+00:00,Webinar: The benefits of simplifying AI operations from Cloud to Edge,The Register,marketing@theregister.co.uk
18afa1ece1dc2ad6,2023-10-04T09:57:11+00:00,"Data Platform Project Manager - ¬£80,000 ",Georgia Hilleard,georgia.hilleard@venturi-group.com
18afa157830075f1,2023-10-04T09:47:05+00:00,New Pitch Alert,Crowdcube,invest@news.crowdcube.com
18afa06e9f45063e,2023-10-04T09:31:09+00:00,"Protect your loved ones, nominate a beneficiary",Aviva,aviva@notifications.aviva.co.uk
18af9f511fcf6c98,2023-10-04T09:11:41+00:00,"Samy, here are some midweek recommendations for you",Financial Times,stories-features@mail.ft.com
18af9eee33b631b3,2023-10-04T09:04:56+00:00,You've got 17 unread messages,"""Modern Data Network (via Slack)""",notification@slack.com
18af9ebaddfa7883,2023-10-04T09:01:23+00:00,How your membership rewards great writing,Medium Membership,members_at_medium_com_n2kbtsq4fg_a08b90d5@privaterelay.appleid.com
18af9ea258e82904,2023-10-04T08:48:42+00:00,Winter booking is now open!,Royal Opera House,no-response@email.roh.org.uk
18af9e4dcc4a4293,2023-10-04T08:53:59+00:00,Lost Coat,"""St Peter's School""",SC9192096a@schoolcomms.com
18af9d555794fb43,2023-10-04T08:36:58+00:00,Andrew just messaged you,Andrew Mercer via LinkedIn,messaging-digest-noreply@linkedin.com
18af9c8410444b66,2023-10-04T08:22:44+00:00,Your Gousto order will be delivered today between 13:12-14:12,Gousto,yourdelivery@dpd.co.uk
18af9bed1ea07369,2023-10-04T08:12:24+00:00,Aqua Shard: Three-course Lunch - ¬£44.00,OpenTable,OpenTable_at_mgs_opentable_com_ndc6jmy2yp_e632efad@privaterelay.appleid.com
18af99bdd7d691f4,2023-10-04T07:34:09+00:00,(Friday 8:30 am) Birthday Collection üîî,Octobre,bonjour@news.octobre-editions.com
18af9883a64991a6,2023-10-04T07:12:48+00:00,"Samy, the results from your mortgage rate checker are in",William H Brown,williamhbrown@eligible.ai
18af923d708b4bd3,2023-10-04T05:23:09+00:00,And now for something completely different: Python 3.12 [Wed Oct 4 2023],The Register,update-948635-2551e525@news.theregister.co.uk
18af91d0dca1edfa,2023-10-04T05:15:44+00:00,Your return for Amazon order 026-1737340-9125932,"""Amazon.co.uk""",no-reply@amazon.co.uk
18af8766aebbd3e8,2023-10-04T02:13:43+00:00,New Job Opportunity - Data Engineer with Azure Databricks Experience - London - Freelance/Contract role - Hybrid Role - 04.10.23,"""Karim S.""",inmail-hit-reply@linkedin.com
18af80dc689aabc7,2023-10-04T00:19:26+00:00,Hello Developer: October 2023,Apple Developer,developer@insideapple.apple.com
18af7d6e850cb57c,2023-10-03T23:19:30+00:00,Price alert: Ethereum Classic (ETC) is down ‚Üò -5.10%,Coinbase,no-reply@mail.coinbase.com
18af7195cee489af,2023-10-03T19:52:28+00:00,"Samy, 2023 is almost over and you still haven't invested where it matters...",Chris Voss,media@blackswanltd.com
18af6de824c08413,2023-10-03T18:22:41+00:00,"Humanities, business, and computer science start this month from MITx¬†",MIT Open Learning,MITx_OL@mit.edu
18af6924c64c14f5,2023-10-03T17:24:40+00:00,"Hey Samy, We have the perfect autumn tech for you!",EE Store,latestdeals@email.shop.bt.com
18af659bb52e920e,2023-10-03T16:23:09+00:00,Your order's in the kitchen üéâ,Deliveroo,noreply@t.deliveroo.com
18af64d727ef73c0,2023-10-03T16:07:47+00:00,Ratchet Ring V2 - 24h Until Launch! üí•,August - Project Ratchet,hello@projectratchet.com
18af64c131fad477,2023-10-03T16:07:47+00:00,Ratchet Ring V2 - 24h Until Launch! üí•,August - Project Ratchet,hello@projectratchet.com
18af646d7876efb1,2023-10-03T16:02:25+00:00,"Enhanced AI Assist, no API key required to try",Observable,community@e.observablehq.com
18af6311466a28fa,2023-10-03T15:38:45+00:00,"Senior Data Engineer at Method Resourcing and 14 more jobs in London, England for you. Apply Now.",Glassdoor Jobs,noreply@glassdoor.com
18af63113a2fe40f,2023-10-03T15:38:45+00:00,"Data Visualisation Engineer at XYZ Reality and 15 more jobs in London, England for you. Apply Now.",Glassdoor Jobs,noreply@glassdoor.com
18af62aa3c8f6a67,2023-10-03T15:31:41+00:00,I just requested to connect,Jamil Ahmed,invitations@linkedin.com
18af628062215162,2023-10-03T15:07:40+00:00,Free watsonx.ai Trial!,Cognitive Class,support@cognitiveclass.ai
18af61f1aee7a318,2023-10-03T15:19:07+00:00,"Samy, regarding your recent order at Amazon.co.uk.",Amazon Marketplace,marketplace-messages@amazon.co.uk
18af61514a3c01b6,2023-10-03T15:06:26+00:00,üëáyour exclusive Tuesday offerüëá,GoGetters,noreply@gogetters.co.uk
18af60cb8e33664e,2023-10-03T14:58:33+00:00,"You‚Äôre almost done, Samy!",PensionBee,marketing@email.pensionbee.com
18af600662069551,2023-10-03T14:45:31+00:00,PSA Celebration Cards,"""St Peter's School""",SC9192096a@schoolcomms.com
18af5fe22ddb4e8c,2023-10-03T14:43:05+00:00,PSA Celebration Cards,"""St Peter's School""",SC9192096a@schoolcomms.com
18af5dde8c68331d,2023-10-03T14:07:53+00:00,3 reasons you *need* collagen in your diet,The Organifi Team,support@organifi.com
18af5d834f7c29ba,2023-10-03T14:01:39+00:00,Stop trying to manage your time,Medium,hello_at_medium_com_n2kbtsq4fg_0406a7e4@privaterelay.appleid.com
18af5d74c6c6d66b,2023-10-03T14:00:39+00:00,Creativity boosting workspace ‚Äì Timothy‚Äôs setup,Oakywood,contact@oakywood.shop
18af5b3f38c385fb,2023-10-03T13:22:02+00:00,We‚Äôve increased our current account interest rate to 3.25% AER,Starling Bank,service@updates.starlingbank.com
18af5739edc569cb,2023-10-03T12:11:49+00:00,Just in ‚Äì your latest pre-approved loan offers,ClearScore,marketing@clearscore.com
18af570cc896e07e,2023-10-03T12:08:43+00:00,Your daily Readwise: Blinkist and more,Readwise,hello@readwise.io
18af554ffc8c9908,2023-10-03T11:38:22+00:00,Important Information: Money Dashboard Apps Closing,Money Dashboard,mdb@moneydashboard.com
18af5376dbd81149,2023-10-03T11:06:03+00:00,Happy 40th Birthday Sam!!! Hope you have a wonderful day. Thank you for being Chair of Folp with all the fabulous...,Sapna via Classlist,activity@classlist.com
18af526b69e03e73,2023-10-03T10:47:19+00:00,Join the party: We just reached 100k users! üöÄ,MyPocketSkill,info@mypocketskill.com
18af51f413255ae2,2023-10-03T10:39:22+00:00,Ready to shop: new Surface Laptop Studio 2,Microsoft Store,microsoftstore@microsoftstoreemail.com
18af51e41fbe1b9e,2023-10-03T10:38:34+00:00,"Chromebook Plus üíª, inside Flexport's CEO ousting üö¢, understanding unicode üë®‚Äçüíª",TLDR,dan@tldrnewsletter.com
18af51461de92bfb,2023-10-03T10:27:47+00:00,Samy - a quick summary of your box,Gousto,gousto@info.gousto.co.uk
18af512ebe2a2a71,2023-10-03T10:26:11+00:00,Fuming Tom Hanks says he had nothing to do with that AI dental ad clone of him [Tue Oct 3 2023],The Register,update-948635-2551e525@news.theregister.co.uk
18af4fd54034219a,2023-10-03T10:02:37+00:00,How napping post-lunch can take you from low energy to busy bee üí§,"""Manta Sleep (EU)""",support@mantasleep.com
18af4e655dd59fe4,2023-10-03T09:37:28+00:00,healf Tuesday,healf,team@healf.com
18af4c78b1be32d0,2023-10-03T09:03:28+00:00,What Determines the Ordering of Search Results on YouTube?,"""Victoria | APILayer""",marketing@apilayer.com
18af4b774607fc36,2023-10-03T08:45:56+00:00,Toujours plus,Evelyne Renaud-Garabedian - ASFE,contact@alliancesolidaire.org
18af49d019facfd5,2023-10-03T08:17:23+00:00,Save up to 44% in our limited-time sale!,Ring Team,no-reply@mail.ring.com
18af4946b7051b23,2023-10-03T08:08:01+00:00,New from Jocko Willink,"""Amazon.co.uk""",amazon-offers@amazon.co.uk
18af4817b4f64365,2023-10-03T07:47:20+00:00,New from Dean Koontz,"""Audible.co.uk""",donotreply@audible.co.uk
18af475edc9e012f,2023-10-03T07:34:43+00:00,See what's streaming in October,"""IMDb.com""",do-not-reply@imdb.com
18af432d70a71879,2023-10-03T06:12:42+00:00,Security researchers believe mass exploitation attempts against WS_FTP have begun [Tue Oct 3 2023],The Register,update-948635-2551e525@news.theregister.co.uk
18af39a9cd4aa174,2023-10-03T03:35:10+00:00,Your Obsidian receipt [#1804-0276],Obsidian,receipts+acct_1GktW3LFEEaZ4dfo@stripe.com
18af2e0b1766387a,2023-10-03T00:12:04+00:00,We're making some changes to our PayPal legal agreements,PayPal Communications,no_reply@communications.paypal.com
18af2a11e817af7e,2023-10-02T23:02:35+00:00,Final Reminder: Send to Kindle Will No Longer Support MOBI File Formats,"""Amazon.co.uk""",amazon-offers@amazon.co.uk
18af2998a3b3628b,2023-10-02T22:54:20+00:00,Samy <> Yader,Yader Carrillo,inmail-hit-reply@linkedin.com
18af191d66b0af06,2023-10-02T18:05:34+00:00,"Scroll-Driven Carousels, Interactive OKLCH, and a Fluid Simulation",CodePen,support@codepen.io
18af191537545625,2023-10-02T18:05:30+00:00,"Scroll-Driven Carousels, Interactive OKLCH, and a Fluid Simulation",CodePen,support@codepen.io
18af177e2372d43d,2023-10-02T17:19:54+00:00,üéØ Productivity #3: How often should you revisit and update your life goals?,"""Team @ Direction""",team_at_trydirection_com_9fzkwg4x6d_af961a66@privaterelay.appleid.com
18af170028d8c71f,2023-10-02T17:27:36+00:00,Colossal Waitlist üöõ | 48 Hours Until Launch,August - Project Ratchet,hello@projectratchet.com
18af16e7f9aacb2a,2023-10-02T17:27:35+00:00,Colossal Waitlist üöõ | 48 Hours Until Launch,August - Project Ratchet,hello@projectratchet.com
18af15850a6a2cd7,2023-10-02T17:02:49+00:00,Sale now on: discover new Xbox deals,Microsoft Store,microsoftstore@microsoftstoreemail.com
18af1311025b412c,2023-10-02T16:20:32+00:00,Our NEW SOC Level 2 learning path has arrived! üöÄüòéüîµ,TryHackMe,hello@tryhackme.com
18af121d69c3b986,2023-10-02T16:04:01+00:00,Our NEW SOC Level 2 learning path has arrived! üöÄüòéüîµ,TryHackMe,hello@tryhackme.com
18af106b7c9c4434,2023-10-02T15:34:17+00:00,Your Obsidian Sync failed to renew,Obsidian,admin@obsidian.md
18af0f29993ef614,2023-10-02T15:12:18+00:00,Your Weekly Summary,"""Snipd | Smart Podcast Player""",hello_at_snipd_com_zfxd88mn9j_34adc1c4@privaterelay.appleid.com
18af0ee5a8e1c1e7,2023-10-02T15:07:45+00:00,"Senior Data Engineer at London Borough of Hackney and 15 more jobs in London, England for you. Apply Now.",Glassdoor Jobs,noreply@glassdoor.com
18af0ee50f3c5a58,2023-10-02T15:07:41+00:00,"Data Engineer at Data Idols and 16 more jobs in London, England for you. Apply Now.",Glassdoor Jobs,noreply@glassdoor.com
18af0e94c0141a95,2023-10-02T15:02:15+00:00,üñêÔ∏è Create an App from your hand-drawn sketches,The Intelligent Worker,theintelligentworker@mail.beehiiv.com
18af0c350cc9f688,2023-10-02T14:20:43+00:00,"Samy, stay informed with breaking news",Financial Times,stories-features@mail.ft.com
18af0b6ea068b6d3,2023-10-02T14:07:13+00:00,It‚Äôs time to announce the winners!,Shokz,hello@shokz.com
18af0b1831dd5771,2023-10-02T14:01:03+00:00,Contract Power BI Developer Needed,Henry Lightfoot,henry.lightfoot@venturi-group.com
18af0a245f74305d,2023-10-02T13:44:39+00:00,Incoming ‚Äì your updated credit card offers for October,ClearScore,marketing@clearscore.com
18af0997b9b508d6,2023-10-02T13:34:50+00:00,First 2024 U.S. Everything or Nothing At All Tour Dates Announced,Foo Fighters,FFHQ@foofighters.com
18af0849990810d0,2023-10-02T13:01:35+00:00,"You are invited to ‚ÄúWell red: inside The Economist's language and style""",The Economist,noreply@e.economist.com
18af081fed1ca998,2023-10-02T13:09:20+00:00,Uncover the hero's journey of Avatar: Frontiers of Pandora,PlayStation,email@email.playstation.com
18af0569555dd4a1,2023-10-02T12:21:48+00:00,Wet 'n' Wild Styles from Purple Mountain Observatory,Working Class Heroes,help@workingclassheroes.co.uk
18af04a20448a59b,2023-10-02T12:08:23+00:00,Your daily Readwise: Blinkist and more,Readwise,hello@readwise.io
18af04304b4423b5,2023-10-02T12:00:38+00:00,75% OFF Limited Time Sale Offer on ExamTopics Pro,ExamTopics,team@examtopics.com
18af03551fdb2a58,2023-10-02T11:45:36+00:00,Gorilla Newsletter 24,Gorilla Sun,noreply@gorillasun.de
18af02defa5e30ca,2023-10-02T11:36:48+00:00,New Season Launch - 15% OFF,Purple Menswear,info@purplemenswear.com
18af02a253b0f671,2023-10-02T11:33:28+00:00,Prix Fixe? Mais oui!,"""C√¥te Brasserie""",bonjour@e.cote.co.uk
18af022c6d7bf9ae,2023-10-02T11:25:25+00:00,Delivered: Your Amazon.co.uk order #026-0130383-0193949,"""Amazon.co.uk""",order-update@amazon.co.uk
18aeff856b19fc89,2023-10-02T10:39:03+00:00,"Galaxy S24 leaks üì±, Apple's Formula 1 bid üèéÔ∏è, Excel for Python AMA üë®‚Äçüíª",TLDR,dan@tldrnewsletter.com
18aeff7c7f13c67d,2023-10-02T10:38:27+00:00,‚ÄúS. Doreau‚Äù mentioned by ‚ÄúBiagina Chiofalo‚Äù,Mentioned by Biagina Chiofalo,premium@academia-mail.com
18aeff3ad7a782a7,2023-10-02T10:33:58+00:00,Re: Data ingestion proposal,Samy,samydoreau@gmail.com
18aeff07f092a4d0,2023-10-02T10:30:27+00:00,How this 1 food might affect your memory,"""Kate, Chief Nutritionist at Noobru‚Ñ¢""",kate@noobru.com
18aefed5efb1091e,2023-10-02T10:27:05+00:00,"Dear All,A little update from the FoLP:1). Thank you so much for all your apple contributions to the Lockers Park Apple ...",Sam via Classlist,activity@classlist.com
18aefe6e1f626d3e,2023-10-02T10:19:59+00:00,Price alert: Bitcoin (BTC) is up ‚Üó +4.40%,Coinbase,no-reply@mail.coinbase.com
18aefe6cb2667616,2023-10-02T10:19:52+00:00,Lettre d'information : octobre 2023 (√âlections s√©natoriales / droit au compte / marque Flam),"""Lettre d'information | Fran√ßais du monde - ADFE""",actualites@francais-du-monde.org
18aefda9eb6a0382,2023-10-02T10:06:34+00:00,This exclusive offer ends in less than 24 hours.,PureGym,puregym@offers.emails-puregym.com
18aefd5ac9866fad,2023-10-02T10:01:12+00:00,Arriving today: MERMOO YILAN Airtight... and 1 more item,"""Amazon.co.uk""",shipment-tracking@amazon.co.uk
18aefcedc7ec578e,2023-10-02T09:53:45+00:00,Food for thought from this kitchen sink drama,InYourArea,info@inyourarea.co.uk
18aefa04a3d2b903,2023-10-02T09:02:51+00:00,Dominik wants to follow you on Strava.,Strava,no-reply@strava.com
18aef7fbadbdc36c,2023-10-02T08:27:19+00:00,Young Saints,"""St Peter's School""",SC9192096a@schoolcomms.com
18aef4b11cf874d0,2023-10-02T07:29:48+00:00,"Event accepted: Samy Doreau and Elliston, Oscar",Samy,samydoreau@gmail.com
18aef4b0f8236330,,"Event accepted: Samy Doreau and Elliston, Oscar",Samy,SamyDOREAU@gmail.com
18aeefc99b7b8a5c,2023-10-02T06:04:05+00:00,"Samy, I still want to connect","""Sarah (via LinkedIn)""",messages-noreply@linkedin.com
18aeef5c96d6e1fa,2023-10-02T05:16:33+00:00,UTM: An Apple hypervisor with some unique extra abilities [Mon Oct 2 2023],The Register,update-948635-2551e525@news.theregister.co.uk
18aee01abc56cd33,2023-10-02T01:30:01+00:00,"Week #40 of 2023, Controversial Opinion: Leaders choose themselves.","""Spencer...4K WEEKS""",spencer@4kweeks.com
18aedf9c9d6fe79d,2023-10-02T01:21:24+00:00,"Your Amazon.co.uk order of ""MERMOO YILAN Airtight..."" and 1 more item(s) has been dispatched","""Amazon.co.uk""",shipment-tracking@amazon.co.uk
18aedca9b4869dc4,2023-10-02T00:29:09+00:00,Data Engineering Weekly #148,Ananth Packkildurai from Data Engineering Weekly,dataengineeringweekly@substack.com
18aed6b12e58cdae,2023-10-01T22:45:30+00:00,[Art of Memory Forum] Summary,Art of Memory Forum,NOREPLY@artofmemory.com
18aed49c0ee25b34,2023-10-01T22:09:06+00:00,Instalment at logitech.com is now paid!,Klarna,noreply-uk@klarna.co.uk
18aed433d37eadcb,2023-10-01T22:01:57+00:00,Charles just messaged you,Charles Morot via LinkedIn,messaging-digest-noreply@linkedin.com
18aed0e4518487a1,2023-10-01T21:04:07+00:00,Superfoods for radiant skin ‚ú®,"""Ens≈ç Superfoods""",support@artofenso.com
18aecabe3d014aac,2023-10-01T19:16:41+00:00,Google Cloud Platform & APIs: Your invoice is available for 016AC2-13031B-9F0661,Google Payments,payments-noreply@google.com
18aeca54ebb96738,2023-10-01T19:09:06+00:00,2024 Early Bird Entry Now Open üôå,Loch Ness Marathon,info@lochnessmarathon.com
18aec0ebcf1857cf,2023-10-01T16:25:03+00:00,Unsplash Awards 2023 üèÜ,Unsplash Team,marketing@unsplash.com
18aebca149898cf8,2023-10-01T15:09:55+00:00,"Jobs Are Good, Note-taking Lessons From America's Greatest Biographer, and More!",Every,hello@every.to
18aebb407b74d486,2023-10-01T14:45:58+00:00,"Senior Data Engineer at Munich Re Group and 15 more jobs in London, England for you. Apply Now.",Glassdoor Jobs,noreply@glassdoor.com
18aebb36115c5c14,2023-10-01T14:45:14+00:00,"Data Engineer at Adroit People and 15 more jobs in London, England for you. Apply Now.",Glassdoor Jobs,noreply@glassdoor.com
18aeba0488c7f5e8,2023-10-01T14:24:24+00:00,"Your Amazon.co.uk order of ""MERMOO YILAN Airtight..."" and 1 more item(s)","""Amazon.co.uk""",auto-confirm@amazon.co.uk
18aeb8f179ecd09f,2023-10-01T14:05:36+00:00,$30 savings: Sunrise to Sunset Power Box,The Organifi Team,support@organifi.com
18aeb7d0f4048b3e,2023-10-01T13:45:54+00:00,Booking Confirmation,TicketSource,customer.services@ticketsource.co.uk
18aeb7cbb55ca62b,2023-10-01T13:45:33+00:00,Your TicketSource Limited receipt [#1342-1111-4753],TicketSource Limited,receipts@ticketsource.co.uk
18aeb23459415ec1,2023-10-01T12:07:50+00:00,"Readwise Sunday Favorites ‚ù§Ô∏è: Morgan Housel, Jay Shetty, and more",Readwise,hello@readwise.io
18aeb011fa24e678,2023-10-01T11:30:32+00:00,It‚Äôs Pumpkin Spice Martini season,"""C√¥te Brasserie""",bonjour@e.cote.co.uk
18aeac09be31158e,2023-10-01T10:20:05+00:00,It's time to renew your Mini Athletics class!,,noreply@miniathletics.com
18aeab443cdddd65,2023-10-01T10:06:36+00:00,There isnt long left‚Ä¶,PureGym,puregym@offers.emails-puregym.com
18aeab37c03d118b,2023-10-01T10:05:45+00:00,Top 10 deals on experiences this month,Tripadvisor,savings@mp1.tripadvisor.com
18aeab2cf139eb17,2023-10-01T10:04:57+00:00,How to Be a Good Listener,Blinkist,hello_at_mail_blinkist_com_b65by69kdd_6f8945da@privaterelay.appleid.com
18aeab0a39336261,2023-10-01T10:02:38+00:00,üçÑ  Happy Coffee Day - Get 15% OFF,DIRTEA,hello@dirteaworld.com
18aea9f230398de0,2023-10-01T09:43:31+00:00,[DigitalOcean] Your September 2023 invoice for team: My Team is available,DigitalOcean Support,support@digitalocean.com
18aea9888c9f16ee,2023-10-01T09:36:19+00:00,Sena just messaged you,Sena Herrmann via LinkedIn,messaging-digest-noreply@linkedin.com
18aea95f7a6a09b8,2023-10-01T09:33:30+00:00,Final day: up to 20% off Home,"""John Lewis & Partners""",johnlewis@eml.johnlewis.com
18aea93656a3dedb,2023-10-01T09:30:42+00:00,Great choices Samyüç¥Ôªø,Gousto,gousto@info.gousto.co.uk
18aea92f44c2a149,2023-10-01T09:30:13+00:00,Your 15% discount expires tonight!,Angles90,wecare@angles90.com
18aea87ec4556477,2023-10-01T09:17:53+00:00,"Samy Doreau and Elliston, Oscar","""Elliston, Oscar""",Oscar.Elliston@bcgdv.com
18aea7b8c92135da,2023-10-01T09:04:35+00:00,Latest Top 10 Neighbourhood Gems in London,OpenTable,OpenTable_at_mgs_opentable_com_ndc6jmy2yp_e632efad@privaterelay.appleid.com
18aea79b667e9e22,2023-10-01T09:02:37+00:00,"New Conversation: The Mirror of Consciousness, with Andr√© Duqum",Waking Up,team_at_news_wakingup_com_ycgwc67v5t_4751959f@privaterelay.appleid.com
18aea78df95fac80,2023-10-01T09:01:41+00:00,Make Medium yours,Medium Membership,members_at_medium_com_n2kbtsq4fg_a08b90d5@privaterelay.appleid.com
18aea773f823d73d,2023-10-01T08:59:57+00:00,"Alfie Turner sent you a message 3 days ago: ""Hi Samy, Sorry to catch you at a bad time earlier..."". Reply?",LinkedIn,messages-noreply@linkedin.com
18aea6042e2a1bb2,2023-10-01T08:34:51+00:00,üß≥Traveling just got easier,Uber,noreply@uber.com
18aea4ff50c824c9,2023-10-01T08:17:00+00:00,International Coffee Day‚Ä¶,Nespresso,nespresso@uk.nespresso.com
18aea4dde4f951a4,2023-10-01T08:14:42+00:00,Your invoice from Apple.,Apple,no_reply@email.apple.com
18aea42847ce3fde,2023-10-01T08:02:20+00:00,0.1% Ideas: 7 Trojan Horses To Avoid,George Mack,george@george-mack.com
18ae9e5cbb90a2da,2023-10-01T06:21:00+00:00,Your invoice from Apple.,Apple,no_reply@email.apple.com
18ae9b8bfee28aa1,2023-10-01T05:31:52+00:00,DigitalOcean - Payment Receipt,DigitalOcean Support,support@digitalocean.com
18ae71587b94f751,2023-09-30T17:14:21+00:00,‚ÄúS. Doreau‚Äù mentioned by ‚ÄúSilvia Cristina Anghel‚Äù,Mentioned by Silvia Cristina Anghel,premium@academia-mail.com
18ae7107c0b8c82b,2023-09-30T17:08:50+00:00,"Samy, your new arrivals",healf,team@healf.com
18ae70ad7900d296,2023-09-30T17:02:41+00:00,"New assignment: ""Compte rendu du cours du 30/09/23 et‚Ä¶""","""Marie-Jo Da Costa (Classroom)""",no-reply@classroom.google.com
18ae6e03d6e93eca,2023-09-30T16:16:09+00:00,Price alert: Ethereum Classic (ETC) is up ‚Üó +5.19%,Coinbase,no-reply@mail.coinbase.com
18ae6df5f7726c5f,2023-09-30T16:15:09+00:00,üéà Well-being #2: How do high quality social connections contribute to happiness and longevity?,"""Team @ Direction""",team_at_trydirection_com_9fzkwg4x6d_af961a66@privaterelay.appleid.com
18ae6cde7d193d69,2023-09-30T15:56:07+00:00,In Conversation with Tezumie,Gorilla Sun,noreply@gorillasun.de
18ae6c88ad6d165d,2023-09-30T15:50:15+00:00,Sweet savings to brighten your day,Uber Eats,uber@uber.com
18ae6b18fcee97d5,2023-09-30T15:25:08+00:00,"Data Engineer at Xcelyst and 15 more jobs in London, England for you. Apply Now.",Glassdoor Jobs,noreply@glassdoor.com
18ae6b18b3de40b1,2023-09-30T15:25:09+00:00,"NS - Data Engineer at BAE Systems and 17 more jobs in London, England for you. Apply Now.",Glassdoor Jobs,noreply@glassdoor.com
18ae6822497597f0,2023-09-30T14:33:21+00:00,üçÑ  6 Ways to Combat Caffeine Crashes,DIRTEA,hello@dirteaworld.com
18ae62e541a6919b,2023-09-30T13:00:55+00:00,"Substack Reads: A history of running, the greatest librarian, and purple spiders",Substack Reads,read@substack.com
18ae5fd49c9ff489,2023-09-30T12:08:15+00:00,"Your daily Readwise: Morgan Housel, Blinkist, and more",Readwise,hello@readwise.io
18ae5f3e3625e112,2023-09-30T11:32:17+00:00,The importance of handwriting is becoming better understood,The Economist,noreply@e.economist.com
18ae5ca4248eed23,2023-09-30T11:12:31+00:00,Your score update has landed,ClearScore,marketing@clearscore.com
18ae5ba33ef0b4a0,2023-09-30T10:54:59+00:00,Just arrived on Prime Video,Prime Video,no-reply@primevideo.com
18ae5b6c03c1c913,2023-09-30T10:51:11+00:00,Receipt for your payment to Dropbox International Unlimited Company,"""service@paypal.co.uk""",service@paypal.co.uk
18ae5b182bc6e8ae,2023-09-30T10:45:28+00:00,"Good morning everyone Firstly May I apologise for intruding on your weekend, as you know every year we do the famous...",Anna via Classlist,activity@classlist.com
18ae5886829178b2,2023-09-30T10:00:34+00:00,Keep the Sparkle In Your Champagne,Coravin,enews@coravin.com
18ae587ec86b1a99,2023-09-30T10:00:04+00:00,Keep the Sparkle In Your Champagne,Coravin,enews@coravin.com
18ae555069d1d46e,2023-09-30T09:04:29+00:00,Dreaming of Abu Dhabi?,Tripadvisor,info@mp1.tripadvisor.com
18ae521812827a50,2023-09-30T08:08:12+00:00,Ready for some gaming perks?,Prime Gaming,amazon-offers@amazon.co.uk
18ae4caa37edb2fb,2023-09-30T06:33:19+00:00,‚ö° Meter reading alert! + other energy must-knows üè† CHECK! Can you get free insulation? üì± SIM-only deal: 5GB for 99p/mth,Snoop,team@service.snoop.app
18ae4c83778552c5,2023-09-30T06:30:41+00:00,Welcome to the BLUE side üîµ,HTB Academy,academy@hackthebox.com
18ae4b9a4a662ed6,2023-09-30T06:14:43+00:00,Your Pay in 3 payment confirmation,"""service@paypal.co.uk""",service@paypal.co.uk
18ae4b6af3e0145c,2023-09-30T06:11:31+00:00,‚ÄòHow a Ring camera can attract burglars ‚Äì I learnt the hard way.‚Äô Plus more unmissable stories.,Apple News,newsdigest@insideapple.apple.com
18ae3b639dabd583,2023-09-30T01:31:23+00:00,Armenians flee in mass exodus,"""Flipboard Photo Desk + AP""",editorialstaff@flipboard.com
18ae38c7312a18e0,2023-09-30T00:45:46+00:00,"Samy, want Free Bedphones Sleep Headphones?",Moonbow by DubsLabs,postman@candymail.co
18ae34aacee19e43,2023-09-29T23:33:56+00:00,"Amazon.co.uk order of Dust: The thrilling dystopian series, and the #1 drama in history of Apple TV (Silo) (Wool Trilogy Series Book 3).","""Amazon.co.uk""",digital-no-reply@amazon.co.uk
18ae34a88f5460ab,2023-09-29T23:33:47+00:00,amazon.co.uk: Sign-in,"""amazon.co.uk""",account-update@amazon.co.uk
18ae34628e6f477f,2023-09-29T23:28:57+00:00,Top Stories You Don't Want to Miss,TIME,emea@consumermarketing.time.com
18ae2fbf23df2f3d,2023-09-29T22:07:54+00:00,Quick reminder - a payment is coming up,Klarna,noreply-uk@klarna.co.uk
18ae29b3954d57a0,2023-09-29T20:20:57+00:00,Elevating Your Data Team: From Service Providers to Strategic Partners,"""SeattleDataGuy from SeattleDataGuy‚Äôs Newsletter""",seattledataguy@substack.com
18ae23e43c558d91,2023-09-29T18:40:45+00:00,üé• Watch AWS re:Invent keynotes and more for free,Amazon Web Services,aws-marketing-email-replies@amazon.com
18ae21da78f0493b,2023-09-29T18:05:08+00:00,Festivities √† la fran√ßaise,"""C√¥te Brasserie""",bonjour@e.cote.co.uk
18ae21da7243e0cd,2023-09-29T18:05:07+00:00,Because it‚Äôs YOUR body. No one else‚Äôs,Oura,no-reply@m.ouraring.com
18ae2190f25d641b,2023-09-29T18:00:07+00:00,Your booking is coming to an end.,,noreply@miniathletics.com
18ae20cbc4b8072d,2023-09-29T17:45:57+00:00,Platform infrastructure upgrade for Public Cloud,Auth0 by Okta Support Team,no-reply-support@auth0.com
18ae207a41b3125b,2023-09-29T17:41:04+00:00,MEGA FIRMWARE UPDATE!!! üò±üî•ü§Ø,Onewheel HQ,info@onewheel.com
18ae2025a79d1950,2023-09-29T17:35:17+00:00,Blinkist Weekender: Send your boss this Blink,Blinkist,hello_at_mail_blinkist_com_b65by69kdd_6f8945da@privaterelay.appleid.com
18ae1f11378e3d4a,2023-09-29T17:15:31+00:00,Wisereads Vol. 6 ‚Äî Most highlighted content in Readwise,Readwise,hello@readwise.io
18ae1ed20b7f2ba2,2023-09-29T17:12:08+00:00,Book your next murder mystery event at the Telegraph,Telegraph Hotel,no-reply@telegraph-hotel.com
18ae1ec22d1673ea,2023-09-29T17:10:28+00:00,Ratchet Ring V2 Black + Launch Date üñ§,August - Project Ratchet,hello@projectratchet.com
18ae1ec03927f699,2023-09-29T17:10:28+00:00,Ratchet Ring V2 Black + Launch Date üñ§,August - Project Ratchet,hello@projectratchet.com
18ae1ebdf89ea3db,2023-09-29T17:10:45+00:00,Important Onewheel Recall Notice and Firmware Update,Onewheel HQ,info@onewheel.com
18ae1e7fe4d4422a,2023-09-29T17:06:30+00:00,Let's catch up ü•∫,Pocket Prep,support@pocketprep.com
18ae1e7f4e97632f,2023-09-29T17:06:27+00:00,‚è∞ 2 days left to pick recipes for your 04 October box,Gousto,gousto@info.gousto.co.uk
18ae1e6154523d49,2023-09-29T17:04:24+00:00,üîÆ ChatGPT + Browsing is truly magical,The Intelligent Worker,theintelligentworker@mail.beehiiv.com
18ae1e35d1a25dd4,2023-09-29T17:01:25+00:00,Quality news review: economist.com and more,Readwise,hello@readwise.io
18ae1d99bcdb1a53,2023-09-29T16:50:48+00:00,This brand new A330neo already needs major surgery,Flightradar24,newsletter@fr24.com
18ae1ade192e8f1f,2023-09-29T14:27:19+00:00,[La France au Royaume-Uni] Lettre d'information du consulat g√©n√©ral de France √† Londres - Septembre 2023,,newsletter.londres-cslt-owner@liste.diplomatie.gouv.fr
18ae1a29955ed8d4,2023-09-29T15:50:43+00:00,"New announcement: ""Bonsoir √† tous,
J'esp√®re que vous‚Ä¶""","""Marie-Jo Da Costa (Classroom)""",no-reply@classroom.google.com
18ae1a10d6f45c80,2023-09-29T15:49:02+00:00,¬£10 off your next 5 orders,Uber Eats,uber@uber.com
18ae17e4e88d2f7b,2023-09-29T15:11:02+00:00,Shop for the latest tech with PayPal‚Äôs new way to pay,PayPal,paypal@mail.paypal.co.uk
18ae171451e6418b,2023-09-29T14:56:48+00:00,"Data Engineer at Hexegic and 18 more jobs in London, England for you. Apply Now.",Glassdoor Jobs,noreply@glassdoor.com
18ae1711ec882fc0,2023-09-29T14:56:40+00:00,"Senior Data Engineer - Snowflake at Lawrence Harvey and 12 more jobs in London, England for you. Apply Now.",Glassdoor Jobs,noreply@glassdoor.com
18ae16e6e47652b7,2023-09-29T14:53:45+00:00,Penne for your thoughts? ü§î,Gousto,noreply.invitations@trustpilotmail.com
18ae15fdd1dd3e8c,2023-09-29T14:33:59+00:00,Who Needs Summer? Our Sale Is Hotter Than the Sun!,"""Ride + Glide""",info@rideandglide.co.uk
18ae1438a9d0f66b,2023-09-29T14:00:34+00:00,Secure your data in under a minute,DigitalOcean,team@info.digitalocean.com
18ae14377a71a385,2023-09-29T14:06:46+00:00,Fast track your way to weight management!,The Organifi Team,support@organifi.com
18ae1420beee2010,2023-09-29T14:05:14+00:00,Make everyday more convenient with the MagSafe Puck,Oakywood,contact@oakywood.shop
18ae1412f5666a51,2023-09-29T14:04:09+00:00,Wanted: High Performers for the Last Job You‚Äôll Ever Have,Every,hello@every.to
18ae13ea528e33cf,2023-09-29T13:54:50+00:00,Derivative Newsletter ‚Äì Fall 2023,Derivative Team,mailer@derivative.ca
18ae108b203b3544,2023-09-29T13:02:36+00:00,New to Prime Video: Gen V,Prime Video,no-reply@primevideo.com
18ae0f2093a65a98,2023-09-29T12:11:27+00:00,The Week's top Headlines Friday September 29,The Register,update-948635-2551e525@news.theregister.co.uk
18ae0ddec0ff40e8,2023-09-29T12:15:55+00:00,Documents en retard,,ne_pas_repondre@mabib.fr
18ae0da3afcd0d68,2023-09-29T12:11:50+00:00,√âdition 286 -  25 articles pour les Fran√ßais de l'√©tranger ,"""lesfrancais.press""",info@lesfrancais.press
18ae0d76d841b561,2023-09-29T12:08:46+00:00,Your daily Readwise: Michael S. Sorensen and more,Readwise,hello@readwise.io
18ae08613ab7c80f,2023-09-29T10:39:57+00:00,"Jony Ive's iPhone of AI üì±, Microsoft considered selling Bing üîç, big tech vs startup jobs üë®‚Äçüíª",TLDR,dan@tldrnewsletter.com
18ae07736bbf29cd,2023-09-29T10:15:03+00:00,üìï A quick note about our referral program,Endel,noreply_at_endel_io_mv8xftdhbz_5cce4948@privaterelay.appleid.com
18ae06f7008c19a9,2023-09-29T10:14:52+00:00,Get personalised AI experiences from Windows,Microsoft,Microsoft@engage.microsoft.com
18ae0621ee4bb09e,2023-09-29T09:00:38+00:00,Master your mental load with these useful strategies üß†,"""Manta Sleep (EU)""",support@mantasleep.com
18ae04a38ceda839,2023-09-29T09:34:34+00:00,EV road trips with 20% off,Tripadvisor,info@mp1.tripadvisor.com
18ae04074a9d05b8,2023-09-29T09:23:40+00:00,"Samy, are you ready for some weekend inspiration?",Financial Times,stories-features@mail.ft.com
18ae0365c636cc85,2023-09-29T09:12:49+00:00,Sorry to catch you at a bad time!,Alfie Turner,inmail-hit-reply@linkedin.com
18ae02c727d9b683,2023-09-29T09:01:58+00:00,Review your service experience,"""Picasso Cut & Coffee""",no-reply_at_booksy_com_64m229v9zh_4805e95e@privaterelay.appleid.com
18ae02c42f197da6,2023-09-29T09:01:38+00:00,"New shows, music & more",Bird On The Wire,info@birdonthewire.net
18ae005404365251,2023-09-29T08:19:14+00:00,Your Kindle Unlimited membership: read something new,"""Amazon.co.uk""",amazon-offers@amazon.co.uk
18adffc18ce93abc,2023-09-29T08:08:49+00:00,What‚Äôs trending in London dining,OpenTable,OpenTable_at_mgs_opentable_com_ndc6jmy2yp_e632efad@privaterelay.appleid.com
18adfe0b8abd19b1,2023-09-29T07:39:16+00:00,"Hi Samy, don't miss: Geddy Lee, The Residents, Level 42",AEG Presents,noreply@e-comms.aegpresents.co.uk
18adfd90353b880e,2023-09-29T07:30:49+00:00,You're just on time üíô,Octobre,bonjour@news.octobre-editions.com
18adfd85a9d52246,2023-09-29T07:30:12+00:00,The Meditations Newsletter #048,Alex from Sunsama,alex@sunsama.com
18adfd85728bd611,2023-09-29T07:30:11+00:00,The Meditations Newsletter #048,Alex from Sunsama,alex@sunsama.com
18adfb0c8df4f4ca,2023-09-29T06:46:57+00:00,Living to 120 could soon be possible,The Economist,noreply@e.economist.com
18adf7cbcfce2b75,2023-09-29T05:32:53+00:00,"Raspberry Pi 5 revealed, and it should satisfy your need for speed [Fri Sep 29 2023]",The Register,update-948635-2551e525@news.theregister.co.uk
18adef087141f6f5,2023-09-29T03:16:55+00:00,Your invoice from Apple.,Apple,no_reply@email.apple.com
18ade7cfb5292748,2023-09-29T01:10:44+00:00,Need distractions? Try these on us.,Tumblr,no-reply_at_tumblr_com_6swbthzyfc_d388518f@privaterelay.appleid.com
18ade3c3fc7bb8e8,2023-09-29T00:00:02+00:00,I just requested to connect,Waqar Iqbal,invitations@linkedin.com
18ade15c0c2bb32a,2023-09-28T23:18:00+00:00,Here is your chance to win a FREE SESSION at Le Chalet Cryo!,Le Chalet Cryo,noreply@hirefrederick.com
18ade07d7e26f4a4,2023-09-28T23:02:45+00:00,Get your hands on Move 2 in a new colour,Sonos,no-reply@email.sonos.com
18added113e843a2,2023-09-28T22:33:33+00:00,A First For Us,EVERGOODS,info@evergoods.us
18addb4f0b7b853a,2023-09-28T21:32:15+00:00,Do you have rizz? Your guide to charisma ü§©,Meetup,info@email.meetup.com
18add9710facf93f,2023-09-28T20:59:39+00:00,LeetCode Weekly Digest,LeetCode,no-reply@leetcode.com
18add6bb252dd775,2023-09-28T20:12:13+00:00,Make the internet forget who you are,The NordVPN team,support@nordvpn.com
18add30091367e72,2023-09-28T19:07:06+00:00,"ChatGPT Goes Multimodal, Dating Apps Embrace AI, Microsoft Doubles Down on Chatbots, AI Drives Energy Efficiency","""The Batch @ DeepLearning.AI""",thebatch@deeplearning.ai
18add0e5264c33d6,2023-09-28T18:30:16+00:00,"New in September - AI's impact, dual coding, and more",Pocket Prep,support@pocketprep.com
18add062727491c7,2023-09-28T18:21:19+00:00,"Last chance ¬£20 credit card deal, ¬£175 current a/c switch, life insurance cashback and more",Snoop,team@service.snoop.app
18adca448fd22375,2023-09-28T16:34:23+00:00,Your Subscription is Expiring,Apple,no_reply@email.apple.com
18adc8bd052d7f3b,2023-09-28T16:07:40+00:00,Your literature update,Southbank Centre,noreply@southbankcentre.co.uk
18adc8a52ba2a519,2023-09-28T16:06:05+00:00,Half-term holidays from ¬£22/day,Virtuo,hello@email.govirtuo.com
18adc789c0fd1371,2023-09-28T15:46:34+00:00,Re: Alternate renders,Gaelle Moss,gaellemoss@gmail.com
18adc771b697c9e4,2023-09-28T15:45:03+00:00,Inside the Irish ‚Äòhell caves‚Äô where Halloween was born.,National Geographic via LinkedIn,newsletters-noreply@linkedin.com
18adc6da3c3166ef,2023-09-28T15:34:45+00:00,"Data Engineer, Product Analytics at Meta and 17 more jobs in London, England for you. Apply Now.",Glassdoor Jobs,noreply@glassdoor.com
18adc6d842b74950,2023-09-28T15:34:37+00:00,"Data Engineer at Adroit People and 12 more jobs in London, England for you. Apply Now.",Glassdoor Jobs,noreply@glassdoor.com
18adc6bdfec51b9b,2023-09-28T15:32:51+00:00,Your Obsidian Sync renewal is coming up,Obsidian,admin@obsidian.md
18adc513d484f80a,2023-09-28T15:03:45+00:00,Castor Monthly Roundup | #September üîî,Castor,communications@castoredc.com
18adc4df16dc3bde,2023-09-28T15:00:06+00:00,I just requested to connect,Oscar Elliston,invitations@linkedin.com
18adc4d92b7d81bb,2023-09-28T14:59:44+00:00,The Double Bind Theory‚ÄîOr Why Sensationalism (Unfortunately) Works,Every,hello@every.to
18adc45173a134ed,2023-09-28T14:50:14+00:00,Fwd: Alternate renders,Gaelle Moss,gaellemoss@gmail.com
18adc1d570c35af9,2023-09-28T14:07:02+00:00,Swing by the Shokz booth for a chance to win,Shokz,hello@shokz.com
18adc14c437553ba,2023-09-28T13:57:38+00:00,Roll Up Role Up,Isabella Shore,isabella.shore@venturi-group.com
18adc06d5ea6c58c,2023-09-28T13:42:28+00:00,Cube Station Service,gancube,gancube@mail.ganrobot.com
18adbf55c219c8e9,2023-09-28T13:23:13+00:00,Fwd: Alternate renders,Gaelle Moss,gaellemoss@gmail.com
18adbee1861f50cf,2023-09-28T13:15:26+00:00,"""Two thumbs up""",Prometheus Lights,info@darksucks.com
18adbe9e47773545,2023-09-28T13:10:51+00:00,The Keychron Q13 Pro 96% Alice Layout QMK Wireless Custom Mechanical Keyboard Is Live Now!,"""Keychron | Wireless Mechanical Keyboards for Mac, Windows and Android""",support@keychron.com
18adbe1c2f02d5fb,2023-09-28T11:14:04+00:00,Webinar: Moving applications from on-premises to the AWS Cloud calls for the best in infrastructure tools,The Register,marketing@theregister.co.uk
18adbde405dd0236,2023-09-28T12:58:08+00:00,Your booking has been confirmed,"""Picasso Cut & Coffee""",no-reply_at_booksy_com_64m229v9zh_4805e95e@privaterelay.appleid.com
18adbce6ed37ab11,2023-09-28T12:37:26+00:00,"Samy, thanks for being a valued member","""Diane @ LinkedIn Premium""",linkedin@e.linkedin.com
18adbcb21ab362d9,2023-09-28T12:37:15+00:00,Just announced: STRFKR,Songkick,emails@songkick.com
18adbb760d97d9a8,2023-09-28T12:15:42+00:00,"Samy, regarding your recent order at Amazon.co.uk.",Amazon Marketplace,marketplace-messages@amazon.co.uk
18adbb27004febbe,2023-09-28T12:10:18+00:00,Ending soon ‚Äì your exclusive autumn offers,ClearScore,marketing@clearscore.com
18adbb178d3945c4,2023-09-28T12:09:14+00:00,"Your daily Readwise: Blinkist, Jay Shetty, and more",Readwise,hello@readwise.io
18adba715dda63bb,2023-09-28T11:57:52+00:00,PSA AGM,"""St Peter's School""",SC9192096a@schoolcomms.com
18adb9974775cb87,2023-09-28T11:41:26+00:00,"Samy, drowning in your pension paperwork?",PensionBee,marketing@email.pensionbee.com
18adb9287650fa4f,2023-09-28T11:35:27+00:00,Congrats on completing dbt Fundamentals!,Kyle Coapman,kyle.coapman@fishtownanalytics.com
18adb905342a8182,2023-09-28T11:33:01+00:00,"Google User, here is your credential for dbt Fundamentals",dbt Labs,training@dbtlabs.com
18adb7e836ffb7bb,2023-09-28T11:13:34+00:00,New AW23 kidswear just landed,"""John Lewis & Partners""",johnlewis@eml.johnlewis.com
18adb7cdf80070d2,2023-09-28T11:11:46+00:00,Languages,"""St Peter's School""",SC9192096a@schoolcomms.com
18adb7899ca7d7fb,2023-09-28T11:06:46+00:00,Personalizing a News Site Based on Visitor‚Äôs Location and more!,"""Victoria | APILayer""",marketing@apilayer.com
18adb7491e79e05b,2023-09-28T11:00:09+00:00,4 unmissable moments this autumn üçÅ,National Theatre,news@email.nationaltheatre.org.uk
18adb5eddc90b109,2023-09-28T10:38:13+00:00,Hurry: Pre-order new Surface Laptop Studio 2,Microsoft Store,microsoftstore@microsoftstoreemail.com
18adb5dd55288278,2023-09-28T10:37:53+00:00,"OpenAI's AI hardware ü§ñ, Meta's smart glasses üëì, Zuckerberg on AI & metaverse üßë",TLDR,dan@tldrnewsletter.com
18adb5696ae828f0,2023-09-28T10:29:57+00:00,I just requested to connect,Reagan Williams,invitations@linkedin.com
18adb47cea409789,2023-09-28T10:13:48+00:00,"Heptabase Update: Version History, In-App Support, Highlight Color, and more!",Alan Chan,alan@buildhepta.com
18adb0bbe5716ef3,2023-09-28T09:01:58+00:00,Yard Act„ÉªOn tour in March„ÉªGet presale tickets üéü,Live Nation,email@info.livenation.co.uk
18adb07ce50d88e5,,Cloud Data Engineer - Starling Bank,Starling Bank,noreply@candidates.workablemail.com
18adb0787a3eeb3b,2023-09-28T09:03:36+00:00,healf Certified: Puresport Unwind Nootropic,"""healf.""",team@healf.com
18adb05cff1b5ce1,2023-09-28T09:01:43+00:00,"A letter from Tony Stubblebine, Medium CEO",Tony Stubblebine,members_at_medium_com_n2kbtsq4fg_a08b90d5@privaterelay.appleid.com
18adae68dede1da8,2023-09-28T08:27:36+00:00,[ intigriti ] Heads up! Yahoo Bug Bounty was launched on intigriti,,noreply@intigriti.com
18adae2dc72b4df1,2023-09-28T08:23:34+00:00,"Samy, Your Amazon Freevee recommendations",Prime Video,no-reply@primevideo.com
18ada9c171caa940,2023-09-28T07:06:16+00:00,‚ÄúS. Doreau‚Äù mentioned by ‚ÄúNazia  Mintz-Habib‚Äù,Mentioned by Nazia  Mintz-Habib,premium@academia-mail.com
18ada995aa6b4bc9,2023-09-28T07:03:15+00:00,2 days left ‚è∞! Join our FREE Focus Challenge and unlock unlimited productivity.,"""The Brain.fm Team""",support@team.brain.fm
18ada7c8fe37c78c,2023-09-28T06:31:49+00:00,Last chance ‚è∞! Join our FREE Focus Challenge and unlock unlimited productivity.,"""The Brain.fm Team""",support@team.brain.fm
18ada62abc7c7403,2023-09-28T05:33:30+00:00,Devs learn rival Godot engine in a week to poke fun at Unity [Thu Sep 28 2023],The Register,update-948635-2551e525@news.theregister.co.uk
18ada4960dac74cb,2023-09-28T05:35:55+00:00,It‚Äôs never too early for holiday planning ‚è∞,Uber,uber@uber.com
18ad9fc50b298050,2023-09-28T04:11:43+00:00,The art of storytelling through photography,Flipboard Photographers,editorialstaff@flipboard.com
18ad927aa6d44dbd,2023-09-28T00:14:26+00:00,Life Sized Wooden Mecha Statue üëÄ,Onewheel HQ,info@onewheel.com
18ad918e8b3cb82a,2023-09-28T00:03:22+00:00,Who is leading global crypto adoption?,Coinbase Bytes,newsletter@mail.coinbase.com
18ad8ddc76428c59,2023-09-27T22:58:45+00:00,Our latest limited drop is HUGE in Japan üëÄ,Onewheel HQ,info@onewheel.com
18ad8ce228719994,2023-09-27T22:41:40+00:00,William Morgan year 8 watch was taken from the back field this afternoon 27/09. He took it off whilst playing football...,James Kathy via Classlist,activity@classlist.com
18ad86d535404bd6,2023-09-27T20:55:56+00:00,Your Weekly Stack,Substack Reads,read@substack.com
18ad85af16baa482,2023-09-27T18:53:15+00:00,"Samy, reactivate your Premium trial to see who viewed your profile",Diane from LinkedIn Premium,linkedin@e.linkedin.com
18ad85ae2d98fb4d,2023-09-27T19:31:00+00:00,Chris Stapleton„ÉªMichael Ball„ÉªL.O.L. Surprise! Live„ÉªTroy Hawke & more,Live Nation Weekly,email@info.livenation.co.uk
18ad840b3c06501b,2023-09-27T20:07:12+00:00,Your invoice from Apple.,Apple,no_reply@email.apple.com
18ad83e7630cba15,2023-09-27T20:04:35+00:00,Fwd: Demand d'avis medical - contact via Alain gotschel,Gaelle Moss,gaellemoss@gmail.com
18ad83498f8431d1,2023-09-27T18:17:55+00:00,New accessibility features that make it easier to read articles on LinkedIn,LinkedIn,linkedin@e.linkedin.com
18ad805426d39200,2023-09-27T19:02:17+00:00,Due tomorrow: 'Compte rendu du cours du 23/10/23 et devoirs pour le 30/09/23',"""Marie-Jo Da Costa (Classroom)""",no-reply@classroom.google.com
18ad80484eb5c80d,2023-09-27T18:01:24+00:00,Now available: Manta SILK Mask,"""Manta Sleep (EU)""",support@mantasleep.com
18ad7d7e7edd496a,2023-09-27T18:12:44+00:00,We‚Äôve updated our Subscriber Agreement,"""Disney+""",disneyplus@mail.disneyplus.com
18ad7d76a593a58c,2023-09-27T18:12:02+00:00,Re: Demand d'avis medical - contact via Alain gotschel,Marc Zerbib,zerbib.marc@gmail.com
18ad7cd6bc008fd7,2023-09-27T18:00:59+00:00,Win ¬£100 GoGetters Credit!,GoGetters,info@gogetters.co.uk
18ad7c08478ffcee,2023-09-27T17:22:04+00:00,The DigitalOcean Newsletter: September 2023,DigitalOcean,team@info.digitalocean.com
18ad7bd3a7a20fa7,2023-09-27T17:43:33+00:00,Meet the hunger-fullness scale. ‚öñÔ∏è,Zero,no-reply@marketing.zerolongevity.com
18ad7994247f98da,2023-09-27T17:04:05+00:00,FitTrack Nation: The Healthy Kitchen Makeover,Emma at FitTrack UK,support@m.fittrack.com
18ad77c6da592707,2023-09-27T16:32:46+00:00,Tickets on sale for SBTRKT!,Songkick,emails@songkick.com
18ad775aa835e994,2023-09-27T16:25:25+00:00,Srikaran Rajasingam has referred you to a job at bp!,bp Global Recruitment,donotreply@bp.com
18ad767735c1127f,2023-09-27T16:09:55+00:00,‚åö Unlocking Wearable Tech App Mastery + The Rise of Biodesigned Lifestyle Products!,Dribbble,no-reply@n.dribbble.com
18ad7672590e773b,2023-09-27T16:09:35+00:00,New course with Google: Pair Programming with a Large Language Model¬†,"""DeepLearning.AI""",hello@deeplearning.ai
18ad76347af0477e,2023-09-27T16:05:21+00:00,üèÜ Automate and save 30min every day,The Intelligent Worker,theintelligentworker@mail.beehiiv.com
